Origin,Target,Type,Format
about,/about-us/,301,plain
brampton,/locations/brampton-location/,301,plain
flat-tire-repair,/services/flat-tire-repair/,301,plain
mobile-tire-services,/services/mobile-tires-services/,301,plain
mobile-tire-service-areas,/services/mobile-tires-services/,301,plain
new-tires-for-sale,/services/tire-sales/,301,plain
used-tires-for-sale,/services/tire-sales/,301,plain
battery-boost,/services/mobile-tires-services/,301,plain
tire-services-in-toronto,/services/mobile-tires-services/,301,plain
tire-services-north-york,/services/mobile-tires-services/,301,plain
tire-services-etobicoke,/services/mobile-tires-services/,301,plain
tire-services-in-markham,/services/mobile-tires-services/,301,plain
tire-services-in-vaughan,/services/mobile-tires-services/,301,plain
tire-services-in-maple,/services/mobile-tires-services/,301,plain
mobile-tire-richmond-hill,/services/mobile-tires-services/,301,plain
tire-services-newmarket,/services/mobile-tires-services/,301,plain
tire-services-king-city,/services/mobile-tires-services/,301,plain
tire-services-in-oshawa,/services/mobile-tires-services/,301,plain
tire-services-in-whitby,/services/mobile-tires-services/,301,plain
